週,開始日,終了日,累計無料記事数,累計有料記事数,今週の公開記事数,無料記事PV,有料note販売ページPV,販売数,購入率,売上（税込・円）,クレカ等の比率（想定0〜1）,手数料差引後の手取り推定（円）,X投稿数,インプレッション,プロフィールアクセス,固定ポストクリック数,フォロワー数,フォロワー増減,販売告知の回数,リプライ数,改善内容（今週やったこと）,来週の1アクション,メンバー数（導入後）,新規参加数,退会数,継続率（対前週）,メンバー経由の売上（円）,メンバー経由の手取り推定（円）,備考
W1,,,,,,,,,"=IF(N(H2)>0,I2/H2,"""")",,0.8,"=IF(K2="""","""",K2*(L2*0.855+(1-L2)*0.765))",,,,,,,,,,,,,,,,"=IF(AB2="""","""",AB2*(L2*0.855+(1-L2)*0.765))",
W2,,,,,,,,,"=IF(N(H3)>0,I3/H3,"""")",,0.8,"=IF(K3="""","""",K3*(L3*0.855+(1-L3)*0.765))",,,,,,"=IF(OR(R3="""",R2=""""),"""",R3-R2)",,,,,,,,"=IF(N(X2)>0,(X2-Z3)/X2,"""")",,"=IF(AB3="""","""",AB3*(L3*0.855+(1-L3)*0.765))",
W3,,,,,,,,,"=IF(N(H4)>0,I4/H4,"""")",,0.8,"=IF(K4="""","""",K4*(L4*0.855+(1-L4)*0.765))",,,,,,"=IF(OR(R4="""",R3=""""),"""",R4-R3)",,,,,,,,"=IF(N(X3)>0,(X3-Z4)/X3,"""")",,"=IF(AB4="""","""",AB4*(L4*0.855+(1-L4)*0.765))",
W4,,,,,,,,,"=IF(N(H5)>0,I5/H5,"""")",,0.8,"=IF(K5="""","""",K5*(L5*0.855+(1-L5)*0.765))",,,,,,"=IF(OR(R5="""",R4=""""),"""",R5-R4)",,,,,,,,"=IF(N(X4)>0,(X4-Z5)/X4,"""")",,"=IF(AB5="""","""",AB5*(L5*0.855+(1-L5)*0.765))",
W5,,,,,,,,,"=IF(N(H6)>0,I6/H6,"""")",,0.8,"=IF(K6="""","""",K6*(L6*0.855+(1-L6)*0.765))",,,,,,"=IF(OR(R6="""",R5=""""),"""",R6-R5)",,,,,,,,"=IF(N(X5)>0,(X5-Z6)/X5,"""")",,"=IF(AB6="""","""",AB6*(L6*0.855+(1-L6)*0.765))",
W6,,,,,,,,,"=IF(N(H7)>0,I7/H7,"""")",,0.8,"=IF(K7="""","""",K7*(L7*0.855+(1-L7)*0.765))",,,,,,"=IF(OR(R7="""",R6=""""),"""",R7-R6)",,,,,,,,"=IF(N(X6)>0,(X6-Z7)/X6,"""")",,"=IF(AB7="""","""",AB7*(L7*0.855+(1-L7)*0.765))",
W7,,,,,,,,,"=IF(N(H8)>0,I8/H8,"""")",,0.8,"=IF(K8="""","""",K8*(L8*0.855+(1-L8)*0.765))",,,,,,"=IF(OR(R8="""",R7=""""),"""",R8-R7)",,,,,,,,"=IF(N(X7)>0,(X7-Z8)/X7,"""")",,"=IF(AB8="""","""",AB8*(L8*0.855+(1-L8)*0.765))",
W8,,,,,,,,,"=IF(N(H9)>0,I9/H9,"""")",,0.8,"=IF(K9="""","""",K9*(L9*0.855+(1-L9)*0.765))",,,,,,"=IF(OR(R9="""",R8=""""),"""",R9-R8)",,,,,,,,"=IF(N(X8)>0,(X8-Z9)/X8,"""")",,"=IF(AB9="""","""",AB9*(L9*0.855+(1-L9)*0.765))",
W9,,,,,,,,,"=IF(N(H10)>0,I10/H10,"""")",,0.8,"=IF(K10="""","""",K10*(L10*0.855+(1-L10)*0.765))",,,,,,"=IF(OR(R10="""",R9=""""),"""",R10-R9)",,,,,,,,"=IF(N(X9)>0,(X9-Z10)/X9,"""")",,"=IF(AB10="""","""",AB10*(L10*0.855+(1-L10)*0.765))",
W10,,,,,,,,,"=IF(N(H11)>0,I11/H11,"""")",,0.8,"=IF(K11="""","""",K11*(L11*0.855+(1-L11)*0.765))",,,,,,"=IF(OR(R11="""",R10=""""),"""",R11-R10)",,,,,,,,"=IF(N(X10)>0,(X10-Z11)/X10,"""")",,"=IF(AB11="""","""",AB11*(L11*0.855+(1-L11)*0.765))",
W11,,,,,,,,,"=IF(N(H12)>0,I12/H12,"""")",,0.8,"=IF(K12="""","""",K12*(L12*0.855+(1-L12)*0.765))",,,,,,"=IF(OR(R12="""",R11=""""),"""",R12-R11)",,,,,,,,"=IF(N(X11)>0,(X11-Z12)/X11,"""")",,"=IF(AB12="""","""",AB12*(L12*0.855+(1-L12)*0.765))",
W12,,,,,,,,,"=IF(N(H13)>0,I13/H13,"""")",,0.8,"=IF(K13="""","""",K13*(L13*0.855+(1-L13)*0.765))",,,,,,"=IF(OR(R13="""",R12=""""),"""",R13-R12)",,,,,,,,"=IF(N(X12)>0,(X12-Z13)/X12,"""")",,"=IF(AB13="""","""",AB13*(L13*0.855+(1-L13)*0.765))",
W13,,,,,,,,,"=IF(N(H14)>0,I14/H14,"""")",,0.8,"=IF(K14="""","""",K14*(L14*0.855+(1-L14)*0.765))",,,,,,"=IF(OR(R14="""",R13=""""),"""",R14-R13)",,,,,,,,"=IF(N(X13)>0,(X13-Z14)/X13,"""")",,"=IF(AB14="""","""",AB14*(L14*0.855+(1-L14)*0.765))",
W14,,,,,,,,,"=IF(N(H15)>0,I15/H15,"""")",,0.8,"=IF(K15="""","""",K15*(L15*0.855+(1-L15)*0.765))",,,,,,"=IF(OR(R15="""",R14=""""),"""",R15-R14)",,,,,,,,"=IF(N(X14)>0,(X14-Z15)/X14,"""")",,"=IF(AB15="""","""",AB15*(L15*0.855+(1-L15)*0.765))",
W15,,,,,,,,,"=IF(N(H16)>0,I16/H16,"""")",,0.8,"=IF(K16="""","""",K16*(L16*0.855+(1-L16)*0.765))",,,,,,"=IF(OR(R16="""",R15=""""),"""",R16-R15)",,,,,,,,"=IF(N(X15)>0,(X15-Z16)/X15,"""")",,"=IF(AB16="""","""",AB16*(L16*0.855+(1-L16)*0.765))",
W16,,,,,,,,,"=IF(N(H17)>0,I17/H17,"""")",,0.8,"=IF(K17="""","""",K17*(L17*0.855+(1-L17)*0.765))",,,,,,"=IF(OR(R17="""",R16=""""),"""",R17-R16)",,,,,,,,"=IF(N(X16)>0,(X16-Z17)/X16,"""")",,"=IF(AB17="""","""",AB17*(L17*0.855+(1-L17)*0.765))",
W17,,,,,,,,,"=IF(N(H18)>0,I18/H18,"""")",,0.8,"=IF(K18="""","""",K18*(L18*0.855+(1-L18)*0.765))",,,,,,"=IF(OR(R18="""",R17=""""),"""",R18-R17)",,,,,,,,"=IF(N(X17)>0,(X17-Z18)/X17,"""")",,"=IF(AB18="""","""",AB18*(L18*0.855+(1-L18)*0.765))",
W18,,,,,,,,,"=IF(N(H19)>0,I19/H19,"""")",,0.8,"=IF(K19="""","""",K19*(L19*0.855+(1-L19)*0.765))",,,,,,"=IF(OR(R19="""",R18=""""),"""",R19-R18)",,,,,,,,"=IF(N(X18)>0,(X18-Z19)/X18,"""")",,"=IF(AB19="""","""",AB19*(L19*0.855+(1-L19)*0.765))",
W19,,,,,,,,,"=IF(N(H20)>0,I20/H20,"""")",,0.8,"=IF(K20="""","""",K20*(L20*0.855+(1-L20)*0.765))",,,,,,"=IF(OR(R20="""",R19=""""),"""",R20-R19)",,,,,,,,"=IF(N(X19)>0,(X19-Z20)/X19,"""")",,"=IF(AB20="""","""",AB20*(L20*0.855+(1-L20)*0.765))",
W20,,,,,,,,,"=IF(N(H21)>0,I21/H21,"""")",,0.8,"=IF(K21="""","""",K21*(L21*0.855+(1-L21)*0.765))",,,,,,"=IF(OR(R21="""",R20=""""),"""",R21-R20)",,,,,,,,"=IF(N(X20)>0,(X20-Z21)/X20,"""")",,"=IF(AB21="""","""",AB21*(L21*0.855+(1-L21)*0.765))",
W21,,,,,,,,,"=IF(N(H22)>0,I22/H22,"""")",,0.8,"=IF(K22="""","""",K22*(L22*0.855+(1-L22)*0.765))",,,,,,"=IF(OR(R22="""",R21=""""),"""",R22-R21)",,,,,,,,"=IF(N(X21)>0,(X21-Z22)/X21,"""")",,"=IF(AB22="""","""",AB22*(L22*0.855+(1-L22)*0.765))",
W22,,,,,,,,,"=IF(N(H23)>0,I23/H23,"""")",,0.8,"=IF(K23="""","""",K23*(L23*0.855+(1-L23)*0.765))",,,,,,"=IF(OR(R23="""",R22=""""),"""",R23-R22)",,,,,,,,"=IF(N(X22)>0,(X22-Z23)/X22,"""")",,"=IF(AB23="""","""",AB23*(L23*0.855+(1-L23)*0.765))",
W23,,,,,,,,,"=IF(N(H24)>0,I24/H24,"""")",,0.8,"=IF(K24="""","""",K24*(L24*0.855+(1-L24)*0.765))",,,,,,"=IF(OR(R24="""",R23=""""),"""",R24-R23)",,,,,,,,"=IF(N(X23)>0,(X23-Z24)/X23,"""")",,"=IF(AB24="""","""",AB24*(L24*0.855+(1-L24)*0.765))",
W24,,,,,,,,,"=IF(N(H25)>0,I25/H25,"""")",,0.8,"=IF(K25="""","""",K25*(L25*0.855+(1-L25)*0.765))",,,,,,"=IF(OR(R25="""",R24=""""),"""",R25-R24)",,,,,,,,"=IF(N(X24)>0,(X24-Z25)/X24,"""")",,"=IF(AB25="""","""",AB25*(L25*0.855+(1-L25)*0.765))",
W25,,,,,,,,,"=IF(N(H26)>0,I26/H26,"""")",,0.8,"=IF(K26="""","""",K26*(L26*0.855+(1-L26)*0.765))",,,,,,"=IF(OR(R26="""",R25=""""),"""",R26-R25)",,,,,,,,"=IF(N(X25)>0,(X25-Z26)/X25,"""")",,"=IF(AB26="""","""",AB26*(L26*0.855+(1-L26)*0.765))",
W26,,,,,,,,,"=IF(N(H27)>0,I27/H27,"""")",,0.8,"=IF(K27="""","""",K27*(L27*0.855+(1-L27)*0.765))",,,,,,"=IF(OR(R27="""",R26=""""),"""",R27-R26)",,,,,,,,"=IF(N(X26)>0,(X26-Z27)/X26,"""")",,"=IF(AB27="""","""",AB27*(L27*0.855+(1-L27)*0.765))",

メモ,手取り推定＝売上×（クレカ等比率×0.855＋キャリア比率×0.765）。PayPay等(0.837)は簡略化のためクレカ側に含める。月の受取額は月合計からさらに振込手数料270円を差し引く。購入率・継続率のセルは表示形式を「パーセント」に設定。
